{
  "electron.vite.config.ts": 1776471039.1582234,
  "tailwind.config.ts": 1776471039.1705313,
  "postcss.config.js": 1776471039.158573,
  "src/renderer/src/App.tsx": 1776485150.530193,
  "src/renderer/src/main.tsx": 1776471039.1701946,
  "src/renderer/src/env.d.ts": 1776484316.121178,
  "src/renderer/src/types.ts": 1776474755.6954596,
  "src/renderer/src/context/ProjectSettingsContext.tsx": 1776471039.1694727,
  "src/renderer/src/components/nodes/AgentConfigModal.tsx": 1776472177.7403224,
  "src/renderer/src/components/nodes/ZoneNode.tsx": 1776474883.1976473,
  "src/renderer/src/components/nodes/ComponentNode.tsx": 1776474833.1310523,
  "src/renderer/src/components/nodes/nodeTypes.ts": 1776472226.1233397,
  "src/renderer/src/components/nodes/ComponentConfigModal.tsx": 1776474815.7842429,
  "src/renderer/src/components/layout/PreviewPanel.tsx": 1776473406.5138996,
  "src/renderer/src/components/layout/TerminalPanel.tsx": 1776473243.2463944,
  "src/renderer/src/components/layout/ResizablePanel.tsx": 1776471039.1684563,
  "src/renderer/src/components/layout/AssistantPanel.tsx": 1776473368.5967813,
  "src/renderer/src/components/layout/FilesPanel.tsx": 1776471039.1683164,
  "src/renderer/src/components/layout/Sidebar.tsx": 1776472296.380345,
  "src/renderer/src/components/layout/TopNav.tsx": 1776471039.168878,
  "src/renderer/src/components/palette/PaletteItem.tsx": 1776472301.282599,
  "src/renderer/src/lib/canvas.ts": 1776474783.4257805,
  "src/renderer/src/lib/icons.ts": 1776471039.1700852,
  "src/renderer/src/data/componentPalette.ts": 1776483352.8692825,
  "src/shared/agentRuntimes.ts": 1776471039.1704261,
  "src/main/index.ts": 1776484574.976659,
  "src/main/terminals.ts": 1776475196.163121,
  "src/preload/index.ts": 1776484312.029137,
  "README.md": 1776370666.9089403,
  "AGENTS.md": 1776483352.8682535,
  "CLAUDE.md": 1776485715.419034,
  "docs/frontend.md": 1776471039.158118,
  "skills/django-security/SKILL.md": 1776471039.1613626,
  "skills/golang-patterns/SKILL.md": 1776471039.1631002,
  "skills/kotlin-exposed-patterns/SKILL.md": 1776471039.1637309,
  "skills/django-patterns/SKILL.md": 1776471039.1611867,
  "skills/code-tour/SKILL.md": 1776471039.1598985,
  "skills/bun-runtime/SKILL.md": 1776370666.9132335,
  "skills/laravel-security/SKILL.md": 1776370666.919716,
  "skills/architecture-decision-records/SKILL.md": 1776471039.1591773,
  "skills/python-testing/SKILL.md": 1776471039.1651404,
  "skills/kotlin-testing/SKILL.md": 1776471039.1642075,
  "skills/docker-patterns/SKILL.md": 1776471039.1618712,
  "skills/laravel-patterns/SKILL.md": 1776370666.919324,
  "skills/springboot-patterns/SKILL.md": 1776471039.1662068,
  "skills/postgres-patterns/SKILL.md": 1776471039.1648421,
  "skills/clickhouse-io/SKILL.md": 1776471039.1597757,
  "skills/springboot-security/SKILL.md": 1776370666.9225566,
  "skills/coding-standards/SKILL.md": 1776471039.1602662,
  "skills/csharp-testing/SKILL.md": 1776471039.1604838,
  "skills/mcp-server-patterns/SKILL.md": 1776370666.9202366,
  "skills/api-connector-builder/SKILL.md": 1776471039.1588962,
  "skills/nextjs-turbopack/SKILL.md": 1776370666.9205475,
  "skills/git-workflow/SKILL.md": 1776471039.1625896,
  "skills/claude-api/SKILL.md": 1776471039.159608,
  "skills/hexagonal-architecture/SKILL.md": 1776471039.1634567,
  "skills/nuxt4-patterns/SKILL.md": 1776471039.16472,
  "skills/terminal-ops/SKILL.md": 1776370666.9231646,
  "skills/backend-patterns/SKILL.md": 1776471039.1593223,
  "skills/api-design/SKILL.md": 1776471039.1590483,
  "skills/github-ops/SKILL.md": 1776471039.1627107,
  "skills/nestjs-patterns/SKILL.md": 1776471039.1645799,
  "skills/kotlin-patterns/SKILL.md": 1776471039.1640513,
  "skills/laravel-tdd/SKILL.md": 1776471039.1644492,
  "skills/security-scan/SKILL.md": 1776471039.1660202,
  "skills/rust-patterns/SKILL.md": 1776471039.1653197,
  "skills/deployment-patterns/SKILL.md": 1776471039.1608942,
  "skills/laravel-plugin-discovery/SKILL.md": 1776471039.164334,
  "skills/e2e-testing/SKILL.md": 1776471039.162209,
  "skills/jpa-patterns/SKILL.md": 1776471039.1635797,
  "skills/tdd-workflow/SKILL.md": 1776471039.1666405,
  "skills/springboot-verification/SKILL.md": 1776471039.1664681,
  "skills/database-migrations/SKILL.md": 1776471039.160702,
  "skills/browser-qa/SKILL.md": 1776471039.1594357,
  "skills/kotlin-coroutines-flows/SKILL.md": 1776370666.91844,
  "skills/frontend-design/SKILL.md": 1776370666.9166825,
  "skills/codebase-onboarding/SKILL.md": 1776471039.1600842,
  "skills/django-verification/SKILL.md": 1776471039.1616993,
  "skills/java-coding-standards/SKILL.md": 1776370666.9180112,
  "skills/kotlin-ktor-patterns/SKILL.md": 1776471039.1638892,
  "skills/django-tdd/SKILL.md": 1776471039.1615028,
  "skills/frontend-patterns/SKILL.md": 1776471039.1623907,
  "skills/laravel-verification/SKILL.md": 1776370666.9200954,
  "skills/design-system/SKILL.md": 1776471039.1610296,
  "skills/dotnet-patterns/SKILL.md": 1776471039.1620474,
  "skills/rust-testing/SKILL.md": 1776471039.1655042,
  "skills/springboot-tdd/SKILL.md": 1776471039.166332,
  "skills/python-patterns/SKILL.md": 1776471039.1649942,
  "skills/security-review/cloud-infrastructure-security.md": 1776471039.165886,
  "skills/security-review/SKILL.md": 1776471039.1656992,
  "skills/golang-testing/SKILL.md": 1776471039.1632578,
  "PNG image.png": 1776370666.908841,
  "architect-logo-final.svg": 1776370666.9103084,
  "Screenshot 2026-04-07 at 3.18.56\u202fPM.png": 1776370666.9100347,
  "resources/icon.png": 1776370666.9120524
}